{
    "type": "ifs",
    "xPixels": 2048,
    "yPixels": 2048,
    "maxIterations": 1000000,
    "insideColor": 255,
    "transforms": [
        [
            0.3333,
            0.0,
            0.0,
            0.3333,
            -0.5,
            0.0,
            0.25
        ],
        [
            0.3333,
            0.0,
            0.0,
            0.3333,
            0.5,
            0.0,
            0.25
        ],
        [
            0.16667,
            -0.288675,
            0.288675,
            0.16667,
            -0.125,
            0.216506,
            0.25
        ],
        [
            0.16667,
            0.288675,
            -0.288675,
            0.16667,
            0.125,
            0.216506,
            0.25
        ]
    ],
    "minX": -0.8,
    "maxX": 0.8,
    "minY": -0.8,
    "maxY": 0.8,
    "palette": "palettes/green.json"
}
