{
    "type": "ifs",
    "x_pixels": 2048,
    "y_pixels": 2048,
    "max_iterations": 1000000,
    "inside_color": 255,
    "transforms": [
        [
            0.3333,
            0.0,
            0.0,
            0.3333,
            -0.5,
            0.0,
            0.25
        ],
        [
            0.3333,
            0.0,
            0.0,
            0.3333,
            0.5,
            0.0,
            0.25
        ],
        [
            0.16667,
            -0.288675,
            0.288675,
            0.16667,
            -0.125,
            0.216506,
            0.25
        ],
        [
            0.16667,
            0.288675,
            -0.288675,
            0.16667,
            0.125,
            0.216506,
            0.25
        ]
    ],
    "min_x": -0.8,
    "max_x": 0.8,
    "min_y": -0.8,
    "max_y": 0.8,
    "palette": "palettes/green.json"
}