{
    "type": "ifs",
    "xPixels": 2048,
    "yPixels": 2048,
    "maxIterations": 1000000,
    "insideColor": 255,
    "transforms": [
        [
            0.307692,
            -0.000000,
            0.000000,
            0.294118,
            4.119164,
            1.604278,
            0.151515
        ],
        [
            0.192308,
            -0.205882,
            0.653846,
            0.088235,
            -0.688840,
            5.978916,
            0.253788
        ],
        [
            0.192308,
            0.205882,
            -0.653846,
            0.088235,
            0.668580,
            5.962514,
            0.253788
        ],
        [
            0.307692,
            -0.000000,
            0.000000,
            0.294118,
            -4.136530,
            1.604278,
            0.151515
        ],
        [
            0.384615,
            -0.000000,
            0.000000,
            -0.294118,
            -0.007718,
            2.941176,
            0.189394
        ]
    ],
    "minX": -8,
    "maxX": 8,
    "minY": -3,
    "maxY": 13,
    "palette": "palettes/gray.json"
}
