{
    "type": "ifs",
    "xPixels": 2048,
    "yPixels": 2048,
    "maxIterations": 1000000,
    "insideColor": 255,
    "transforms": [
        [
            0.38,
            0.0,
            0.0,
            0.38,
            1.0,
            0.0,
            0.20
        ],
        [
            0.38,
            0.0,
            0.0,
            0.38,
            0.309017,
            0.951057,
            0.20
        ],
        [
            0.38,
            0.0,
            0.0,
            0.38,
            -0.809017,
            0.587785,
            0.20
        ],
        [
            0.38,
            0.0,
            0.0,
            0.38,
            -0.809017,
            -0.587785,
            0.20
        ],
        [
            0.38,
            0.0,
            0.0,
            0.38,
            0.309017,
            -0.951057,
            0.20
        ]
    ],
    "minX": -2.0,
    "maxX": 2.0,
    "minY": -2.0,
    "maxY": 2.0,
    "palette": "palettes/green.json"
}
