{
    "type": "ifs",
    "x_pixels": 2048,
    "y_pixels": 2048,
    "max_iterations": 1000000,
    "inside_color": 255,
    "transforms": [
        [
            0.38,
            0.0,
            0.0,
            0.38,
            1.0,
            0.0,
            0.20
        ],
        [
            0.38,
            0.0,
            0.0,
            0.38,
            0.309017,
            0.951057,
            0.20
        ],
        [
            0.38,
            0.0,
            0.0,
            0.38,
            -0.809017,
            0.587785,
            0.20
        ],
        [
            0.38,
            0.0,
            0.0,
            0.38,
            -0.809017,
            -0.587785,
            0.20
        ],
        [
            0.38,
            0.0,
            0.0,
            0.38,
            0.309017,
            -0.951057,
            0.20
        ]
    ],
    "min_x": -2.0,
    "max_x": 2.0,
    "min_y": -2.0,
    "max_y": 2.0,
    "palette": "palettes/green.json"
}
